<?xml version="1.0" encoding="UTF-8"?>
<project-private xmlns="http://www.netbeans.org/ns/project-private/1">
    <editor-bookmarks xmlns="http://www.netbeans.org/ns/editor-bookmarks/2" lastBookmarkId="0"/>
    <open-files xmlns="http://www.netbeans.org/ns/projectui-open-files/2">
        <group>
            <file>file:/C:/Users/kingASRajput/Documents/NetBeansProjects/Online%20Exam%20System/src/DatabaseManager/skull.png</file>
            <file>file:/C:/Users/kingASRajput/Documents/NetBeansProjects/Online%20Exam%20System/src/DatabaseManager/StudentLogin.java</file>
            <file>file:/C:/Users/kingASRajput/Documents/NetBeansProjects/Online%20Exam%20System/src/DatabaseManager/school.png</file>
            <file>file:/C:/Users/kingASRajput/Documents/NetBeansProjects/Online%20Exam%20System/src/DatabaseManager/Verification.java</file>
            <file>file:/C:/Users/kingASRajput/Documents/NetBeansProjects/Online%20Exam%20System/src/DatabaseManager/mysqlConnection.java</file>
        </group>
    </open-files>
</project-private>
